id;active;category;photo;photo_content_type;name;staff;designation;division;field;sector;email;phone;city;linkedin;twitter;facebook;skype;membership_affiliation;notes
1;false;Regional_Consultant;../fake-data/blob/hipster.png;image/png;Administrator;false;connecting incubate;India synthesizing payment;Climate_Change;Agriculture;Efrain_Nikolaus53@hotmail.com;275-289-8358 x342;West Hartford;neural applications;Chair;Ergonomic context-sensitive;Dollar);Electronics open-source;../fake-data/blob/hipster.txt
2;false;CROP;../fake-data/blob/hipster.png;image/png;overriding;false;homogeneous process magenta;Leone;Foreign;Education;Destiny_Jones@hotmail.com;(404) 239-0784 x4299;Elizabethmouth;Bolivar disintermediate Point;Response;China Shoes Personal;Assistant;secured;../fake-data/blob/hipster.txt
3;false;Government;../fake-data/blob/hipster.png;image/png;navigate Identity;true;Account Credit;Awesome Organized RAM;Environment;Infrastructure;Dell31@hotmail.com;324.706.7027;Rafaelbury;Bedfordshire hack Fresh;user-centric Intelligent;clicks-and-mortar;Dynamic Steel;Louisiana orchestrate Avon;../fake-data/blob/hipster.txt
4;true;National_NGO;../fake-data/blob/hipster.png;image/png;matrix Rupee Cambridgeshire;true;relationships Mountain program;withdrawal input Peso;Affairs;Petroleum;Bertram68@gmail.com;1-895-734-5355 x43592;St. Clair Shores;Brooks;Account;Mission up;supply-chains Dollar Keyboard;transmit;../fake-data/blob/hipster.txt
5;true;DevelopmentPartner;../fake-data/blob/hipster.png;image/png;Operations;false;Cotton users teal;Fields overriding enterprise;Energy;Policy;Stacy_Heaney89@hotmail.com;1-373-291-9453 x17387;Chicago;Dale non-volatile Borders;best-of-breed;Focused Florida;array;invoice Buckinghamshire;../fake-data/blob/hipster.txt
6;true;CROP;../fake-data/blob/hipster.png;image/png;overriding Avon;true;Fish;Soap convergence;Environment;Agriculture;Antonia_Marks@gmail.com;1-974-361-7241;Kautzerfort;Bike Shoal Fresh;hack best-of-breed Plastic;Chief;programming;Baby;../fake-data/blob/hipster.txt
7;false;DevelopmentPartner;../fake-data/blob/hipster.png;image/png;Street;false;calculate;mesh;Affairs;Climate;Candida_Waelchi@hotmail.com;1-767-347-5244 x551;Port Kavonburgh;Gorgeous;back deposit Granite;Soft Assimilated;collaboration Brand;olive interfaces Ergonomic;../fake-data/blob/hipster.txt
8;false;Regional_NGO;../fake-data/blob/hipster.png;image/png;Dobra attitude-oriented California;true;Principal;Refined Nevada;Environment;Water;Dashawn34@gmail.com;721-880-6206 x1002;West Savannaport;mobile;Cotton;Liaison;Soft;Pizza Tajikistan;../fake-data/blob/hipster.txt
9;false;National_NGO;../fake-data/blob/hipster.png;image/png;Plastic;false;Designer Auto;reboot Oman;Foreign;Infrastructure;Barry_Harris@yahoo.com;239.789.3597;Port Terry;Auto Car Cloned;intranet Refined pink;concept SSL quantify;Card Borders;dedicated azure;../fake-data/blob/hipster.txt
10;false;Regional_NGO;../fake-data/blob/hipster.png;image/png;Sleek invoice Soft;true;Agent Money Rubber;cross-platform;Georesources;Education;Maria_Vandervort53@hotmail.com;710.842.4746 x764;Monahanview;Market Loan;withdrawal salmon;override;seamless content engage;Steel;../fake-data/blob/hipster.txt
